type,x,y,widthX,heightY,animate,yMove,xMove,startFrame,caveName,entrance,caveWall,caveCeiling,showMinimumDifficulty,hideMinimumDifficulty
caves,9.5,14.25,1.25,0.5,0,0,1.5,0,onlyCave,1,0,0,1,5
caves,11.5,14.25,1.25,0.5,0,0,0,0,onlyCave,1,0,0,1,5
caves,10,14.5,1,2,0,0,2,0,onlyCave,1,0,0,1,5
caves,11,14.5,1,2,0,0,0,0,onlyCave,1,0,0,1,5
caves,12,14.5,0.5,2,0,0,1.5,0,onlyCave,0,0,0,1,5
caves,12.5,14.5,0.5,2,0,0,1.5,0,onlyCave,0,1,0,1,5
caves,12.5,16.5,0.5,0.5,0,3,1.5,0,onlyCave,0,1,0,1,5
caves,12,16.5,0.5,0.5,0,3,1.5,0,onlyCave,0,0,0,1,5
caves,10,16.5,1,0.5,0,3,2,0,onlyCave,1,0,0,1,5
caves,11,16.5,1,0.5,0,3,0,0,onlyCave,1,0,0,1,5
caves,13,16.5,1.25,0.5,0,0,1.5,0,onlyCave,0,1,0,1,5
caves,13,16.25,1.25,0.5,0,0,1.5,0,onlyCave,0,1,0,1,5
caves,12.75,16,1.25,0.5,0,0,1.5,0,onlyCave,0,1,0,1,5
caves,12.75,15.75,1.25,0.5,0,0,1.5,0,onlyCave,0,1,0,1,5
caves,12.75,15.5,1.25,0.5,0,0,1.5,0,onlyCave,0,1,0,1,5
caves,12.75,15.25,1.25,0.5,0,0,1.5,0,onlyCave,0,1,0,1,5
caves,12.5,15,1.25,0.5,0,0,1.5,0,onlyCave,0,1,0,1,5
caves,12.5,14.75,1.25,0.5,0,0,1.5,0,onlyCave,0,1,0,1,5
caves,12.5,14.5,1.25,0.5,0,0,1.5,0,onlyCave,0,1,0,1,5
caves,12,14,0.5,0.5,0,3,1.5,0,onlyCave,0,0,0,1,5
caves,12.25,14.25,1.25,0.5,0,0,1.5,0,onlyCave,0,1,0,1,5
caves,12.25,14,1.25,0.5,0,0,1.5,0,onlyCave,0,1,0,1,5
caves,12.25,13.75,1.25,0.5,0,0,1.5,0,onlyCave,0,1,0,1,5
caves,12,13.5,1.25,0.5,0,0,1.5,0,onlyCave,0,1,0,1,5
caves,12,13.25,1.25,0.5,0,0,1.5,0,onlyCave,0,1,0,1,5
caves,12,13,1.25,0.5,0,0,1.5,0,onlyCave,0,1,0,1,5
caves,11.75,12.75,1.25,0.5,0,0,1.5,0,onlyCave,0,1,0,1,5
caves,11.75,12.5,1.25,0.5,0,0,1.5,0,onlyCave,0,1,0,1,5
caves,11.75,12.25,1.25,0.5,0,0,1.5,0,onlyCave,0,1,0,1,5
caves,11.5,11.75,1.25,0.5,0,0,1.5,0,onlyCave,0,1,0,1,5
caves,11.5,11.5,1.25,0.5,0,0,1.5,0,onlyCave,0,1,0,1,5
caves,11.25,11.25,1.25,0.5,0,0,1.5,0,onlyCave,0,1,0,1,5
caves,11.25,11,1.25,0.5,0,0,1.5,0,onlyCave,0,1,0,1,5
caves,11.25,10.75,1.25,0.5,0,0,1.5,0,onlyCave,0,1,0,1,5
caves,11,10.5,1.25,0.5,0,0,1.5,0,onlyCave,0,1,0,1,5
caves,11,10.25,1.25,0.5,0,0,1.5,0,onlyCave,0,1,0,1,5
caves,11,10,1.25,0.5,0,0,1.5,0,onlyCave,0,1,0,1,5
caves,10.75,9.75,1.25,0.5,0,0,1.5,0,onlyCave,0,1,0,1,5
caves,10.75,9.5,1.25,0.5,0,0,1.5,0,onlyCave,0,1,0,1,5
caves,10.75,9.25,1.25,0.5,0,0,1.5,0,onlyCave,0,1,0,1,5
caves,10.75,9,1.25,0.5,0,0,1.5,0,onlyCave,0,1,0,1,5
caves,10.5,8.75,1.25,0.5,0,0,1.5,0,onlyCave,0,1,0,1,5
caves,10.5,8.5,1.25,0.5,0,0,1.5,0,onlyCave,0,1,0,1,5
caves,10.25,8.25,1.25,0.5,0,0,1.5,0,onlyCave,0,1,0,1,5
caves,10.25,8,1.25,0.5,0,0,1.5,0,onlyCave,0,1,0,1,5
caves,10,7.75,1.25,0.5,0,0,1.5,0,onlyCave,0,1,0,1,5
caves,10,7.5,1.25,0.5,0,0,1.5,0,onlyCave,0,1,0,1,5
caves,10,7.25,1.25,0.5,0,0,1.5,0,onlyCave,0,1,0,1,5
caves,9.75,7,1.25,0.5,0,0,1.5,0,onlyCave,0,1,0,1,5
caves,9.75,6.75,1.25,0.5,0,0,1.5,0,onlyCave,0,1,0,1,5
caves,9.75,6.5,1.25,0.5,0,0,1.5,0,onlyCave,0,1,0,1,5
caves,9.5,6.25,1.25,0.5,0,0,1.5,0,onlyCave,0,1,0,1,5
caves,9.5,6,1.25,0.5,0,0,1.5,0,onlyCave,0,1,0,1,5
caves,9.5,5.75,1.25,0.5,0,0,1.5,0,onlyCave,0,1,0,1,5
caves,9.5,5.5,1.25,0.5,0,0,1.5,0,onlyCave,0,1,0,1,5
caves,9.25,5.25,1.25,0.5,0,0,1.5,0,onlyCave,0,1,0,1,5
caves,9.25,5,1.25,0.5,0,0,1.5,0,onlyCave,0,1,0,1,5
caves,9.25,4.75,1.25,0.5,0,0,1.5,0,onlyCave,0,1,0,1,5
caves,9,4.5,1.25,0.5,0,0,1.5,0,onlyCave,0,1,0,1,5
caves,9,4.25,1.25,0.5,0,0,1.5,0,onlyCave,0,1,0,1,5
caves,9,4,1.25,0.5,0,0,1.5,0,onlyCave,0,1,0,1,5
caves,8.75,3.75,1.25,0.5,0,0,1.5,0,onlyCave,0,1,0,1,5
caves,8.75,3.5,1.25,0.5,0,0,1.5,0,onlyCave,0,1,0,1,5
caves,8.75,3.25,1.25,0.5,0,0,1.5,0,onlyCave,0,1,0,1,5
caves,8.75,3,1.25,0.5,0,0,1.5,0,onlyCave,0,1,0,1,5
caves,8.75,2.75,1.25,0.5,0,0,1.5,0,onlyCave,0,1,0,1,5
caves,8.75,2.5,1.25,0.5,0,0,1.5,0,onlyCave,0,1,0,1,5
caves,8.75,2.25,1.25,0.5,0,0,1.5,0,onlyCave,0,1,0,1,5
caves,8.75,2,1.25,0.5,0,0,1.5,0,onlyCave,0,1,0,1,5
caves,8.5,1.75,1.25,0.5,0,0,1.5,0,onlyCave,0,1,0,1,5
caves,8.5,1.5,1.25,0.5,0,0,1.5,0,onlyCave,0,1,0,1,5
caves,11.5,12,1.25,0.5,0,0,1.5,0,onlyCave,0,1,0,1,5
caves,13.5,17.5,1,0.5,0,0,0.5,0,onlyCave,0,1,0,1,5
caves,13.5,18,1,0.5,0,0,0.5,0,onlyCave,0,1,0,1,5
caves,13.25,18.5,1,0.5,0,0,0.5,0,onlyCave,0,1,0,1,5
caves,13.25,19,1,0.5,0,0,0.5,0,onlyCave,0,1,0,1,5
caves,13.25,19.5,1,0.5,0,0.5,2,0,onlyCave,0,1,0,1,5
caves,13,20,1,0.5,0,0,0.5,0,onlyCave,0,1,0,1,5
caves,12.75,20.5,1,0.5,0,0.5,2,0,onlyCave,0,1,0,1,5
caves,12.5,21,1,0.5,0,0,0.5,0,onlyCave,0,1,0,1,5
caves,12.5,21.5,1,0.5,0,0.5,2,0,onlyCave,0,1,0,1,5
caves,12.25,22,1,0.5,0,0,0.5,0,onlyCave,0,1,0,1,5
caves,12.25,22.5,1,0.5,0,0.5,2,0,onlyCave,0,1,0,1,5
caves,11.5,22.75,1,0.5,0,0.5,2,0,onlyCave,0,1,0,1,5
caves,10.75,23,1,0.5,0,0,0.5,0,onlyCave,0,1,0,1,5
caves,10.75,23.25,1,0.5,0,0.5,2,0,onlyCave,0,1,0,1,5
caves,10,23.5,1,0.5,0,0,0.5,0,onlyCave,0,1,0,1,5
caves,10,23.75,1,0.5,0,0.5,2,0,onlyCave,0,1,0,1,5
caves,9.75,24,1,0.5,0,0,0.5,0,onlyCave,0,1,0,1,5
caves,9.75,24.25,1,0.5,0,0,0.5,0,onlyCave,0,1,0,1,5
caves,9.75,24.5,1,0.5,0,0,0.5,0,onlyCave,0,1,0,1,5
caves,9.75,24.75,1,0.5,0,0.5,2,0,onlyCave,0,1,0,1,5
caves,9.5,25,1,0.5,0,0,0.5,0,onlyCave,0,1,0,1,5
caves,9.5,25.25,1,0.5,0,0.5,2,0,onlyCave,0,1,0,1,5
caves,9.25,25.5,1,0.5,0,0,1.5,0,onlyCave,0,1,0,1,5
caves,9.25,25.75,1,0.5,0,0.5,2,0,onlyCave,0,1,0,1,5
caves,9,26,1,0.5,0,0,1.5,0,onlyCave,0,1,0,1,5
caves,9,26.25,1,0.5,0,0,1.5,0,onlyCave,0,1,0,1,5
caves,8.75,26.5,1,0.5,0,0,1.5,0,onlyCave,0,1,0,1,5
caves,8.75,26.75,1,0.5,0,0,1.5,0,onlyCave,0,1,0,1,5
caves,8.5,27,1,0.5,0,0.5,2,0,onlyCave,0,1,0,1,5
caves,8.25,27.25,1,0.5,0,0,1.5,0,onlyCave,0,1,0,1,5
caves,8.25,27.5,1,0.5,0,0,1.5,0,onlyCave,0,1,0,1,5
caves,8.25,27.75,1,0.5,0,0.5,2,0,onlyCave,0,1,0,1,5
caves,8,28,1,0.5,0,0,1.5,0,onlyCave,0,1,0,1,5
caves,8,28.25,1,0.5,0,0,1.5,0,onlyCave,0,1,0,1,5
caves,8,28.5,1,0.5,0,0.5,2,0,onlyCave,0,1,0,1,5
caves,7.75,28.75,1,0.5,0,0,1.5,0,onlyCave,0,1,0,1,5
caves,7.75,29,1,0.5,0,0,1.5,0,onlyCave,0,1,0,1,5
caves,7.75,29.25,1,0.5,0,0,1.5,0,onlyCave,0,1,0,1,5
caves,7.75,29.5,1,0.5,0,0,1.5,0,onlyCave,0,1,0,1,5
caves,7.75,29.75,1,0.5,0,0.5,2,0,onlyCave,0,1,0,1,5
caves,7.5,30,1,0.5,0,0,1.5,0,onlyCave,0,1,0,1,5
caves,7.5,30.25,1,0.5,0,0,1.5,0,onlyCave,0,1,0,1,5
caves,7.5,30.5,1,0.5,0,0.5,2,0,onlyCave,0,1,0,1,5
caves,7.5,30.5,1,0.5,0,0.5,2,0,onlyCave,0,1,0,1,5
caves,7.25,30.5,1,0.5,0,0,0.5,0,onlyCave,0,1,0,1,5
caves,6.75,30.5,1,0.5,0,0.5,2,0,onlyCave,0,1,0,1,5
caves,6,30.5,1,0.5,0,0,0.5,0,onlyCave,0,1,0,1,5
caves,5.75,30.5,1,0.5,0,0,0.5,0,onlyCave,0,1,0,1,5
caves,5.25,30.5,1,0.5,0,0.5,2,0,onlyCave,0,1,0,1,5
caves,5.25,30.75,1,0.5,0,0,1.5,0,onlyCave,0,1,0,1,5
caves,5.25,31,1,0.5,0,0,1.5,0,onlyCave,0,1,0,1,5
caves,5.25,31.25,1,0.5,0,0,1.5,0,onlyCave,0,1,0,1,5
caves,5.25,31.5,1,0.5,0,0,1.5,0,onlyCave,0,1,0,1,5
caves,5.25,31.75,1,0.5,0,0.5,2,0,onlyCave,0,1,0,1,5
caves,5,32,1,0.5,0,0,1.5,0,onlyCave,0,1,0,1,5
caves,5,32.25,1,0.5,0,0,1.5,0,onlyCave,0,1,0,1,5
caves,5,32.5,1,0.5,0,0.5,2,0,onlyCave,0,1,0,1,5
caves,4.75,32.75,1,0.5,0,0,1.5,0,onlyCave,0,1,0,1,5
caves,4.75,33,1,0.5,0,0.5,2,0,onlyCave,0,1,0,1,5
caves,4.5,33.25,1,0.5,0,0,1.5,0,onlyCave,0,1,0,1,5
caves,4.5,33.5,1,0.5,0,0,1.5,0,onlyCave,0,1,0,1,5
caves,4.5,33.75,1,0.5,0,0,1.5,0,onlyCave,0,1,0,1,5
caves,4.5,34,1,0.5,0,0.5,2,0,onlyCave,0,1,0,1,5
caves,4.25,34.25,1,0.5,0,0,1.5,0,onlyCave,0,1,0,1,5
caves,4.25,34.5,1,0.5,0,0.5,2,0,onlyCave,0,1,0,1,5
caves,4,34.75,1,0.5,0,0,1.5,0,onlyCave,0,1,0,1,5
caves,4,35,1,0.5,0,0.5,2,0,onlyCave,0,1,0,1,5
caves,3.75,35.25,1,0.5,0,0,1.5,0,onlyCave,0,1,0,1,5
caves,3.75,35.5,1,0.5,0,0,1.5,0,onlyCave,0,1,0,1,5
caves,3.75,35.75,1,0.5,0,0,1.5,0,onlyCave,0,1,0,1,5
caves,3.5,35.75,1,0.5,0,0,1.5,0,onlyCave,0,1,0,1,5
caves,3.25,35.75,1,0.5,0,0,1.5,0,onlyCave,0,1,0,1,5
caves,3,35.75,1,0.5,0,0,1.5,0,onlyCave,0,1,0,1,5
caves,2.75,35.75,1,0.5,0,0,1.5,0,onlyCave,0,1,0,1,5
caves,2.5,35.75,1,0.5,0,0,1.5,0,onlyCave,0,1,0,1,5
caves,2.25,35.75,1,0.5,0,0,1.5,0,onlyCave,0,1,0,1,5
caves,2,35.75,1,0.5,0,0,1.5,0,onlyCave,0,1,0,1,5
caves,1.75,35.75,1,0.5,0,0,1.5,0,onlyCave,0,1,0,1,5
caves,1.5,35.75,1,0.5,0,0,1.5,0,onlyCave,0,1,0,1,5
caves,1.25,35.75,1,0.5,0,0,1.5,0,onlyCave,0,1,0,1,5
caves,1,35.75,1,0.5,0,0,1.5,0,onlyCave,0,1,0,1,5
caves,0.75,35.75,1,0.5,0,0,1.5,0,onlyCave,0,1,0,1,5
caves,0.5,35.75,1,0.5,0,0,1.5,0,onlyCave,0,1,0,1,5
caves,0.25,35.75,1,0.5,0,0,1.5,0,onlyCave,0,1,0,1,5
caves,0,35.75,1,0.5,0,0,1.5,0,onlyCave,0,1,0,1,5
caves,0,1.5,0.5,1.5,0,0.5,1.5,0,onlyCave,0,0,0,1,5
caves,0.5,1.5,0.5,1.5,0,0.5,1.5,0,onlyCave,0,0,0,1,5
caves,1,1.5,0.5,1.5,0,0.5,1.5,0,onlyCave,0,0,0,1,5
caves,1.5,1.5,0.5,1.5,0,0.5,1.5,0,onlyCave,0,0,0,1,5
caves,2,1.5,0.5,1.5,0,0.5,1.5,0,onlyCave,0,0,0,1,5
caves,2.5,1.5,0.5,1.5,0,0.5,1.5,0,onlyCave,0,0,0,1,5
caves,3,1.5,0.5,1.5,0,0.5,1.5,0,onlyCave,0,0,0,1,5
caves,3.5,1.5,0.5,1.5,0,0.5,1.5,0,onlyCave,0,0,0,1,5
caves,4,1.5,0.5,1.5,0,0.5,1.5,0,onlyCave,0,0,0,1,5
caves,4.5,1.5,0.5,1.5,0,0.5,1.5,0,onlyCave,0,0,0,1,5
caves,5,1.5,0.5,1.5,0,0.5,1.5,0,onlyCave,0,0,0,1,5
caves,5.5,1.5,0.5,1.5,0,0.5,1.5,0,onlyCave,0,0,0,1,5
caves,6,1.5,0.5,1.5,0,0.5,1.5,0,onlyCave,0,0,0,1,5
caves,6.5,1.5,0.5,1.5,0,0.5,1.5,0,onlyCave,0,0,0,1,5
caves,7,1.5,0.5,1.5,0,0.5,1.5,0,onlyCave,0,0,0,1,5
caves,7.5,1.5,0.5,1.5,0,0.5,1.5,0,onlyCave,0,0,0,1,5
caves,8,1.5,0.5,1.5,0,0.5,1.5,0,onlyCave,0,0,0,1,5
caves,8.5,1.5,0.5,1.5,0,0.5,1.5,0,onlyCave,0,0,0,1,5
caves,0,3,0.5,1.5,0,0.5,1.5,0,onlyCave,0,0,0,1,5
caves,0.5,3,0.5,1.5,0,0.5,1.5,0,onlyCave,0,0,0,1,5
caves,1,3,0.5,1.5,0,0.5,1.5,0,onlyCave,0,0,0,1,5
caves,1.5,3,0.5,1.5,0,0.5,1.5,0,onlyCave,0,0,0,1,5
caves,2,3,0.5,1.5,0,0.5,1.5,0,onlyCave,0,0,0,1,5
caves,2.5,3,0.5,1.5,0,0.5,1.5,0,onlyCave,0,0,0,1,5
caves,3,3,0.5,1.5,0,0.5,1.5,0,onlyCave,0,0,0,1,5
caves,3.5,3,0.5,1.5,0,0.5,1.5,0,onlyCave,0,0,0,1,5
caves,4,3,0.5,1.5,0,0.5,1.5,0,onlyCave,0,0,0,1,5
caves,4.5,3,0.5,1.5,0,0.5,1.5,0,onlyCave,0,0,0,1,5
caves,5,3,0.5,1.5,0,0.5,1.5,0,onlyCave,0,0,0,1,5
caves,5.5,3,0.5,1.5,0,0.5,1.5,0,onlyCave,0,0,0,1,5
caves,6,3,0.5,1.5,0,0.5,1.5,0,onlyCave,0,0,0,1,5
caves,6.5,3,0.5,1.5,0,0.5,1.5,0,onlyCave,0,0,0,1,5
caves,7,3,0.5,1.5,0,0.5,1.5,0,onlyCave,0,0,0,1,5
caves,7.5,3,0.5,1.5,0,0.5,1.5,0,onlyCave,0,0,0,1,5
caves,8,3,0.5,1.5,0,0.5,1.5,0,onlyCave,0,0,0,1,5
caves,8.5,3,0.5,1.5,0,0.5,1.5,0,onlyCave,0,0,0,1,5
caves,0,4.5,0.5,1.5,0,0.5,1.5,0,onlyCave,0,0,0,1,5
caves,0.5,4.5,0.5,1.5,0,0.5,1.5,0,onlyCave,0,0,0,1,5
caves,1,4.5,0.5,1.5,0,0.5,1.5,0,onlyCave,0,0,0,1,5
caves,1.5,4.5,0.5,1.5,0,0.5,1.5,0,onlyCave,0,0,0,1,5
caves,2,4.5,0.5,1.5,0,0.5,1.5,0,onlyCave,0,0,0,1,5
caves,2.5,4.5,0.5,1.5,0,0.5,1.5,0,onlyCave,0,0,0,1,5
caves,3,4.5,0.5,1.5,0,0.5,1.5,0,onlyCave,0,0,0,1,5
caves,3.5,4.5,0.5,1.5,0,0.5,1.5,0,onlyCave,0,0,0,1,5
caves,4,4.5,0.5,1.5,0,0.5,1.5,0,onlyCave,0,0,0,1,5
caves,4.5,4.5,0.5,1.5,0,0.5,1.5,0,onlyCave,0,0,0,1,5
caves,5,4.5,0.5,1.5,0,0.5,1.5,0,onlyCave,0,0,0,1,5
caves,5.5,4.5,0.5,1.5,0,0.5,1.5,0,onlyCave,0,0,0,1,5
caves,6,4.5,0.5,1.5,0,0.5,1.5,0,onlyCave,0,0,0,1,5
caves,6.5,4.5,0.5,1.5,0,0.5,1.5,0,onlyCave,0,0,0,1,5
caves,7,4.5,0.5,1.5,0,0.5,1.5,0,onlyCave,0,0,0,1,5
caves,7.5,4.5,0.5,1.5,0,0.5,1.5,0,onlyCave,0,0,0,1,5
caves,8,4.5,0.5,1.5,0,0.5,1.5,0,onlyCave,0,0,0,1,5
caves,8.5,4.5,0.5,1.5,0,0.5,1.5,0,onlyCave,0,0,0,1,5
caves,9,4.5,0.5,1.5,0,0.5,1.5,0,onlyCave,0,0,0,1,5
caves,0,6,0.5,1.5,0,0.5,1.5,0,onlyCave,0,0,0,1,5
caves,0.5,6,0.5,1.5,0,0.5,1.5,0,onlyCave,0,0,0,1,5
caves,1,6,0.5,1.5,0,0.5,1.5,0,onlyCave,0,0,0,1,5
caves,1.5,6,0.5,1.5,0,0.5,1.5,0,onlyCave,0,0,0,1,5
caves,2,6,0.5,1.5,0,0.5,1.5,0,onlyCave,0,0,0,1,5
caves,2.5,6,0.5,1.5,0,0.5,1.5,0,onlyCave,0,0,0,1,5
caves,3,6,0.5,1.5,0,0.5,1.5,0,onlyCave,0,0,0,1,5
caves,3.5,6,0.5,1.5,0,0.5,1.5,0,onlyCave,0,0,0,1,5
caves,4,6,0.5,1.5,0,0.5,1.5,0,onlyCave,0,0,0,1,5
caves,4.5,6,0.5,1.5,0,0.5,1.5,0,onlyCave,0,0,0,1,5
caves,5,6,0.5,1.5,0,0.5,1.5,0,onlyCave,0,0,0,1,5
caves,5.5,6,0.5,1.5,0,0.5,1.5,0,onlyCave,0,0,0,1,5
caves,6,6,0.5,1.5,0,0.5,1.5,0,onlyCave,0,0,0,1,5
caves,6.5,6,0.5,1.5,0,0.5,1.5,0,onlyCave,0,0,0,1,5
caves,7,6,0.5,1.5,0,0.5,1.5,0,onlyCave,0,0,0,1,5
caves,7.5,6,0.5,1.5,0,0.5,1.5,0,onlyCave,0,0,0,1,5
caves,8,6,0.5,1.5,0,0.5,1.5,0,onlyCave,0,0,0,1,5
caves,8.5,6,0.5,1.5,0,0.5,1.5,0,onlyCave,0,0,0,1,5
caves,9,6,0.5,1.5,0,0.5,1.5,0,onlyCave,0,0,0,1,5
caves,9.5,6,0.5,1.5,0,0.5,1.5,0,onlyCave,0,0,0,1,5
caves,10,6,0.5,1.5,0,0.5,1.5,0,onlyCave,0,0,0,1,5
caves,0,7.5,0.5,1.5,0,0.5,1.5,0,onlyCave,0,0,0,1,5
caves,0.5,7.5,0.5,1.5,0,0.5,1.5,0,onlyCave,0,0,0,1,5
caves,1,7.5,0.5,1.5,0,0.5,1.5,0,onlyCave,0,0,0,1,5
caves,1.5,7.5,0.5,1.5,0,0.5,1.5,0,onlyCave,0,0,0,1,5
caves,2,7.5,0.5,1.5,0,0.5,1.5,0,onlyCave,0,0,0,1,5
caves,2.5,7.5,0.5,1.5,0,0.5,1.5,0,onlyCave,0,0,0,1,5
caves,3,7.5,0.5,1.5,0,0.5,1.5,0,onlyCave,0,0,0,1,5
caves,3.5,7.5,0.5,1.5,0,0.5,1.5,0,onlyCave,0,0,0,1,5
caves,4,7.5,0.5,1.5,0,0.5,1.5,0,onlyCave,0,0,0,1,5
caves,4.5,7.5,0.5,1.5,0,0.5,1.5,0,onlyCave,0,0,0,1,5
caves,5,7.5,0.5,1.5,0,0.5,1.5,0,onlyCave,0,0,0,1,5
caves,5.5,7.5,0.5,1.5,0,0.5,1.5,0,onlyCave,0,0,0,1,5
caves,6,7.5,0.5,1.5,0,0.5,1.5,0,onlyCave,0,0,0,1,5
caves,6.5,7.5,0.5,1.5,0,0.5,1.5,0,onlyCave,0,0,0,1,5
caves,7,7.5,0.5,1.5,0,0.5,1.5,0,onlyCave,0,0,0,1,5
caves,7.5,7.5,0.5,1.5,0,0.5,1.5,0,onlyCave,0,0,0,1,5
caves,8,7.5,0.5,1.5,0,0.5,1.5,0,onlyCave,0,0,0,1,5
caves,8.5,7.5,0.5,1.5,0,0.5,1.5,0,onlyCave,0,0,0,1,5
caves,9,7.5,0.5,1.5,0,0.5,1.5,0,onlyCave,0,0,0,1,5
caves,9.5,7.5,0.5,1.5,0,0.5,1.5,0,onlyCave,0,0,0,1,5
caves,10,7.5,0.5,1.5,0,0.5,1.5,0,onlyCave,0,0,0,1,5
caves,10.5,7.5,0.5,1.5,0,0.5,1.5,0,onlyCave,0,0,0,1,5
caves,0,9,0.5,1.5,0,0.5,1.5,0,onlyCave,0,0,0,1,5
caves,0.5,9,0.5,1.5,0,0.5,1.5,0,onlyCave,0,0,0,1,5
caves,1,9,0.5,1.5,0,0.5,1.5,0,onlyCave,0,0,0,1,5
caves,1.5,9,0.5,1.5,0,0.5,1.5,0,onlyCave,0,0,0,1,5
caves,2,9,0.5,1.5,0,0.5,1.5,0,onlyCave,0,0,0,1,5
caves,2.5,9,0.5,1.5,0,0.5,1.5,0,onlyCave,0,0,0,1,5
caves,3,9,0.5,1.5,0,0.5,1.5,0,onlyCave,0,0,0,1,5
caves,3.5,9,0.5,1.5,0,0.5,1.5,0,onlyCave,0,0,0,1,5
caves,4,9,0.5,1.5,0,0.5,1.5,0,onlyCave,0,0,0,1,5
caves,4.5,9,0.5,1.5,0,0.5,1.5,0,onlyCave,0,0,0,1,5
caves,5,9,0.5,1.5,0,0.5,1.5,0,onlyCave,0,0,0,1,5
caves,5.5,9,0.5,1.5,0,0.5,1.5,0,onlyCave,0,0,0,1,5
caves,6,9,0.5,1.5,0,0.5,1.5,0,onlyCave,0,0,0,1,5
caves,6.5,9,0.5,1.5,0,0.5,1.5,0,onlyCave,0,0,0,1,5
caves,7,9,0.5,1.5,0,0.5,1.5,0,onlyCave,0,0,0,1,5
caves,7.5,9,0.5,1.5,0,0.5,1.5,0,onlyCave,0,0,0,1,5
caves,8,9,0.5,1.5,0,0.5,1.5,0,onlyCave,0,0,0,1,5
caves,8.5,9,0.5,1.5,0,0.5,1.5,0,onlyCave,0,0,0,1,5
caves,9,9,0.5,1.5,0,0.5,1.5,0,onlyCave,0,0,0,1,5
caves,9.5,9,0.5,1.5,0,0.5,1.5,0,onlyCave,0,0,0,1,5
caves,10,9,0.5,1.5,0,0.5,1.5,0,onlyCave,0,0,0,1,5
caves,10.5,9,0.5,1.5,0,0.5,1.5,0,onlyCave,0,0,0,1,5
caves,11,9,0.5,1.5,0,0.5,1.5,0,onlyCave,0,0,0,1,5
caves,0,10.5,0.5,1.5,0,0.5,1.5,0,onlyCave,0,0,0,1,5
caves,0.5,10.5,0.5,1.5,0,0.5,1.5,0,onlyCave,0,0,0,1,5
caves,1,10.5,0.5,1.5,0,0.5,1.5,0,onlyCave,0,0,0,1,5
caves,1.5,10.5,0.5,1.5,0,0.5,1.5,0,onlyCave,0,0,0,1,5
caves,2,10.5,0.5,1.5,0,0.5,1.5,0,onlyCave,0,0,0,1,5
caves,2.5,10.5,0.5,1.5,0,0.5,1.5,0,onlyCave,0,0,0,1,5
caves,3,10.5,0.5,1.5,0,0.5,1.5,0,onlyCave,0,0,0,1,5
caves,3.5,10.5,0.5,1.5,0,0.5,1.5,0,onlyCave,0,0,0,1,5
caves,4,10.5,0.5,1.5,0,0.5,1.5,0,onlyCave,0,0,0,1,5
caves,4.5,10.5,0.5,1.5,0,0.5,1.5,0,onlyCave,0,0,0,1,5
caves,5,10.5,0.5,1.5,0,0.5,1.5,0,onlyCave,0,0,0,1,5
caves,5.5,10.5,0.5,1.5,0,0.5,1.5,0,onlyCave,0,0,0,1,5
caves,6,10.5,0.5,1.5,0,0.5,1.5,0,onlyCave,0,0,0,1,5
caves,6.5,10.5,0.5,1.5,0,0.5,1.5,0,onlyCave,0,0,0,1,5
caves,7,10.5,0.5,1.5,0,0.5,1.5,0,onlyCave,0,0,0,1,5
caves,7.5,10.5,0.5,1.5,0,0.5,1.5,0,onlyCave,0,0,0,1,5
caves,8,10.5,0.5,1.5,0,0.5,1.5,0,onlyCave,0,0,0,1,5
caves,8.5,10.5,0.5,1.5,0,0.5,1.5,0,onlyCave,0,0,0,1,5
caves,9,10.5,0.5,1.5,0,0.5,1.5,0,onlyCave,0,0,0,1,5
caves,9.5,10.5,0.5,1.5,0,0.5,1.5,0,onlyCave,0,0,0,1,5
caves,10,10.5,0.5,1.5,0,0.5,1.5,0,onlyCave,0,0,0,1,5
caves,10.5,10.5,0.5,1.5,0,0.5,1.5,0,onlyCave,0,0,0,1,5
caves,11,10.5,0.5,1.5,0,0.5,1.5,0,onlyCave,0,0,0,1,5
caves,11.5,10.5,0.5,1.5,0,0.5,1.5,0,onlyCave,0,0,0,1,5
caves,0,12,0.5,1.5,0,0.5,1.5,0,onlyCave,0,0,0,1,5
caves,0.5,12,0.5,1.5,0,0.5,1.5,0,onlyCave,0,0,0,1,5
caves,1,12,0.5,1.5,0,0.5,1.5,0,onlyCave,0,0,0,1,5
caves,1.5,12,0.5,1.5,0,0.5,1.5,0,onlyCave,0,0,0,1,5
caves,2,12,0.5,1.5,0,0.5,1.5,0,onlyCave,0,0,0,1,5
caves,2.5,12,0.5,1.5,0,0.5,1.5,0,onlyCave,0,0,0,1,5
caves,3,12,0.5,1.5,0,0.5,1.5,0,onlyCave,0,0,0,1,5
caves,3.5,12,0.5,1.5,0,0.5,1.5,0,onlyCave,0,0,0,1,5
caves,4,12,0.5,1.5,0,0.5,1.5,0,onlyCave,0,0,0,1,5
caves,4.5,12,0.5,1.5,0,0.5,1.5,0,onlyCave,0,0,0,1,5
caves,5,12,0.5,1.5,0,0.5,1.5,0,onlyCave,0,0,0,1,5
caves,5.5,12,0.5,1.5,0,0.5,1.5,0,onlyCave,0,0,0,1,5
caves,6,12,0.5,1.5,0,0.5,1.5,0,onlyCave,0,0,0,1,5
caves,6.5,12,0.5,1.5,0,0.5,1.5,0,onlyCave,0,0,0,1,5
caves,7,12,0.5,1.5,0,0.5,1.5,0,onlyCave,0,0,0,1,5
caves,7.5,12,0.5,1.5,0,0.5,1.5,0,onlyCave,0,0,0,1,5
caves,8,12,0.5,1.5,0,0.5,1.5,0,onlyCave,0,0,0,1,5
caves,8.5,12,0.5,1.5,0,0.5,1.5,0,onlyCave,0,0,0,1,5
caves,9,12,0.5,1.5,0,0.5,1.5,0,onlyCave,0,0,0,1,5
caves,9.5,12,0.5,1.5,0,0.5,1.5,0,onlyCave,0,0,0,1,5
caves,10,12,0.5,1.5,0,0.5,1.5,0,onlyCave,0,0,0,1,5
caves,10.5,12,0.5,1.5,0,0.5,1.5,0,onlyCave,0,0,0,1,5
caves,11,12,0.5,1.5,0,0.5,1.5,0,onlyCave,0,0,0,1,5
caves,11.5,12,0.5,1.5,0,0.5,1.5,0,onlyCave,0,0,0,1,5
caves,12,12,0.5,1.5,0,0.5,1.5,0,onlyCave,0,0,0,1,5
caves,0,13.5,0.5,1.5,0,0.5,1.5,0,onlyCave,0,0,0,1,5
caves,0.5,13.5,0.5,1.5,0,0.5,1.5,0,onlyCave,0,0,0,1,5
caves,1,13.5,0.5,1.5,0,0.5,1.5,0,onlyCave,0,0,0,1,5
caves,1.5,13.5,0.5,1.5,0,0.5,1.5,0,onlyCave,0,0,0,1,5
caves,2,13.5,0.5,1.5,0,0.5,1.5,0,onlyCave,0,0,0,1,5
caves,2.5,13.5,0.5,1.5,0,0.5,1.5,0,onlyCave,0,0,0,1,5
caves,3,13.5,0.5,1.5,0,0.5,1.5,0,onlyCave,0,0,0,1,5
caves,3.5,13.5,0.5,1.5,0,0.5,1.5,0,onlyCave,0,0,0,1,5
caves,4,13.5,0.5,1.5,0,0.5,1.5,0,onlyCave,0,0,0,1,5
caves,4.5,13.5,0.5,1.5,0,0.5,1.5,0,onlyCave,0,0,0,1,5
caves,5,13.5,0.5,1.5,0,0.5,1.5,0,onlyCave,0,0,0,1,5
caves,5.5,13.5,0.5,1.5,0,0.5,1.5,0,onlyCave,0,0,0,1,5
caves,6,13.5,0.5,1.5,0,0.5,1.5,0,onlyCave,0,0,0,1,5
caves,6.5,13.5,0.5,1.5,0,0.5,1.5,0,onlyCave,0,0,0,1,5
caves,7,13.5,0.5,1.5,0,0.5,1.5,0,onlyCave,0,0,0,1,5
caves,7.5,13.5,0.5,1.5,0,0.5,1.5,0,onlyCave,0,0,0,1,5
caves,8,13.5,0.5,1.5,0,0.5,1.5,0,onlyCave,0,0,0,1,5
caves,8.5,13.5,0.5,1.5,0,0.5,1.5,0,onlyCave,0,0,0,1,5
caves,9,13.5,0.5,1.5,0,0.5,1.5,0,onlyCave,0,0,0,1,5
caves,9.5,13.5,0.5,1.5,0,0.5,1.5,0,onlyCave,0,0,0,1,5
caves,10,13.5,0.5,1.5,0,0.5,1.5,0,onlyCave,0,0,0,1,5
caves,10.5,13.5,0.5,1.5,0,0.5,1.5,0,onlyCave,0,0,0,1,5
caves,11,13.5,0.5,1.5,0,0.5,1.5,0,onlyCave,0,0,0,1,5
caves,11.5,13.5,0.5,1.5,0,0.5,1.5,0,onlyCave,0,0,0,1,5
caves,12,13.5,0.5,1.5,0,0.5,1.5,0,onlyCave,0,0,0,1,5
caves,0,15,0.5,1.5,0,0.5,1.5,0,onlyCave,0,0,0,1,5
caves,0.5,15,0.5,1.5,0,0.5,1.5,0,onlyCave,0,0,0,1,5
caves,1,15,0.5,1.5,0,0.5,1.5,0,onlyCave,0,0,0,1,5
caves,1.5,15,0.5,1.5,0,0.5,1.5,0,onlyCave,0,0,0,1,5
caves,2,15,0.5,1.5,0,0.5,1.5,0,onlyCave,0,0,0,1,5
caves,2.5,15,0.5,1.5,0,0.5,1.5,0,onlyCave,0,0,0,1,5
caves,3,15,0.5,1.5,0,0.5,1.5,0,onlyCave,0,0,0,1,5
caves,3.5,15,0.5,1.5,0,0.5,1.5,0,onlyCave,0,0,0,1,5
caves,4,15,0.5,1.5,0,0.5,1.5,0,onlyCave,0,0,0,1,5
caves,4.5,15,0.5,1.5,0,0.5,1.5,0,onlyCave,0,0,0,1,5
caves,5,15,0.5,1.5,0,0.5,1.5,0,onlyCave,0,0,0,1,5
caves,5.5,15,0.5,1.5,0,0.5,1.5,0,onlyCave,0,0,0,1,5
caves,6,15,0.5,1.5,0,0.5,1.5,0,onlyCave,0,0,0,1,5
caves,6.5,15,0.5,1.5,0,0.5,1.5,0,onlyCave,0,0,0,1,5
caves,7,15,0.5,1.5,0,0.5,1.5,0,onlyCave,0,0,0,1,5
caves,7.5,15,0.5,1.5,0,0.5,1.5,0,onlyCave,0,0,0,1,5
caves,8,15,0.5,1.5,0,0.5,1.5,0,onlyCave,0,0,0,1,5
caves,8.5,15,0.5,1.5,0,0.5,1.5,0,onlyCave,0,0,0,1,5
caves,9,15,0.5,1.5,0,0.5,1.5,0,onlyCave,0,0,0,1,5
caves,9.5,15,0.5,1.5,0,0.5,1.5,0,onlyCave,0,0,0,1,5
caves,0,16.5,0.5,1.5,0,0.5,1.5,0,onlyCave,0,0,0,1,5
caves,0.5,16.5,0.5,1.5,0,0.5,1.5,0,onlyCave,0,0,0,1,5
caves,1,16.5,0.5,1.5,0,0.5,1.5,0,onlyCave,0,0,0,1,5
caves,1.5,16.5,0.5,1.5,0,0.5,1.5,0,onlyCave,0,0,0,1,5
caves,2,16.5,0.5,1.5,0,0.5,1.5,0,onlyCave,0,0,0,1,5
caves,2.5,16.5,0.5,1.5,0,0.5,1.5,0,onlyCave,0,0,0,1,5
caves,3,16.5,0.5,1.5,0,0.5,1.5,0,onlyCave,0,0,0,1,5
caves,3.5,16.5,0.5,1.5,0,0.5,1.5,0,onlyCave,0,0,0,1,5
caves,4,16.5,0.5,1.5,0,0.5,1.5,0,onlyCave,0,0,0,1,5
caves,4.5,16.5,0.5,1.5,0,0.5,1.5,0,onlyCave,0,0,0,1,5
caves,5,16.5,0.5,1.5,0,0.5,1.5,0,onlyCave,0,0,0,1,5
caves,5.5,16.5,0.5,1.5,0,0.5,1.5,0,onlyCave,0,0,0,1,5
caves,6,16.5,0.5,1.5,0,0.5,1.5,0,onlyCave,0,0,0,1,5
caves,6.5,16.5,0.5,1.5,0,0.5,1.5,0,onlyCave,0,0,0,1,5
caves,7,16.5,0.5,1.5,0,0.5,1.5,0,onlyCave,0,0,0,1,5
caves,7.5,16.5,0.5,1.5,0,0.5,1.5,0,onlyCave,0,0,0,1,5
caves,8,16.5,0.5,1.5,0,0.5,1.5,0,onlyCave,0,0,0,1,5
caves,8.5,16.5,0.5,1.5,0,0.5,1.5,0,onlyCave,0,0,0,1,5
caves,9,16.5,0.5,1.5,0,0.5,1.5,0,onlyCave,0,0,0,1,5
caves,9.5,16,0.5,1,0,0.5,1.5,0,onlyCave,0,0,0,1,5
caves,0,18,0.5,1.5,0,0.5,1.5,0,onlyCave,0,0,0,1,5
caves,0.5,18,0.5,1.5,0,0.5,1.5,0,onlyCave,0,0,0,1,5
caves,1,18,0.5,1.5,0,0.5,1.5,0,onlyCave,0,0,0,1,5
caves,1.5,18,0.5,1.5,0,0.5,1.5,0,onlyCave,0,0,0,1,5
caves,2,18,0.5,1.5,0,0.5,1.5,0,onlyCave,0,0,0,1,5
caves,2.5,18,0.5,1.5,0,0.5,1.5,0,onlyCave,0,0,0,1,5
caves,3,18,0.5,1.5,0,0.5,1.5,0,onlyCave,0,0,0,1,5
caves,3.5,18,0.5,1.5,0,0.5,1.5,0,onlyCave,0,0,0,1,5
caves,4,18,0.5,1.5,0,0.5,1.5,0,onlyCave,0,0,0,1,5
caves,4.5,18,0.5,1.5,0,0.5,1.5,0,onlyCave,0,0,0,1,5
caves,5,18,0.5,1.5,0,0.5,1.5,0,onlyCave,0,0,0,1,5
caves,5.5,18,0.5,1.5,0,0.5,1.5,0,onlyCave,0,0,0,1,5
caves,6,18,0.5,1.5,0,0.5,1.5,0,onlyCave,0,0,0,1,5
caves,6.5,18,0.5,1.5,0,0.5,1.5,0,onlyCave,0,0,0,1,5
caves,7,18,0.5,1.5,0,0.5,1.5,0,onlyCave,0,0,0,1,5
caves,7.5,18,0.5,1.5,0,0.5,1.5,0,onlyCave,0,0,0,1,5
caves,8,18,0.5,1.5,0,0.5,1.5,0,onlyCave,0,0,0,1,5
caves,8.5,18,0.5,1.5,0,0.5,1.5,0,onlyCave,0,0,0,1,5
caves,9,18,0.5,1.5,0,0.5,1.5,0,onlyCave,0,0,0,1,5
caves,9.5,18,0.5,1.5,0,0.5,1.5,0,onlyCave,0,0,0,1,5
caves,10,18,0.5,1.5,0,0.5,1.5,0,onlyCave,0,0,0,1,5
caves,10.5,18,0.5,1.5,0,0.5,1.5,0,onlyCave,0,0,0,1,5
caves,11,18,0.5,1.5,0,0.5,1.5,0,onlyCave,0,0,0,1,5
caves,11.5,18,0.5,1.5,0,0.5,1.5,0,onlyCave,0,0,0,1,5
caves,12,18,0.5,1.5,0,0.5,1.5,0,onlyCave,0,0,0,1,5
caves,12.5,18,0.5,1.5,0,0.5,1.5,0,onlyCave,0,0,0,1,5
caves,13,18,0.5,1.5,0,0.5,1.5,0,onlyCave,0,0,0,1,5
caves,13.5,17.5,0.5,1.5,0,0.5,1.5,0,onlyCave,0,0,0,1,5
caves,9.5,17.5,0.5,1,0,0.5,1.5,0,onlyCave,0,0,0,1,5
caves,10,17.5,0.5,1,0,0.5,1.5,0,onlyCave,0,0,0,1,5
caves,10.5,17.5,0.5,1,0,0.5,1.5,0,onlyCave,0,0,0,1,5
caves,11,17.5,0.5,1,0,0.5,1.5,0,onlyCave,0,0,0,1,5
caves,11.5,17.5,0.5,1,0,0.5,1.5,0,onlyCave,0,0,0,1,5
caves,12,17.5,0.5,1,0,0.5,1.5,0,onlyCave,0,0,0,1,5
caves,12.5,17.5,0.5,1,0,0.5,1.5,0,onlyCave,0,0,0,1,5
caves,13,17.5,0.5,1,0,0.5,1.5,0,onlyCave,0,0,0,1,5
caves,13.5,17.5,0.5,1,0,0.5,1.5,0,onlyCave,0,0,0,1,5
caves,0,19.5,0.5,1.5,0,0.5,1.5,0,onlyCave,0,0,0,1,5
caves,0.5,19.5,0.5,1.5,0,0.5,1.5,0,onlyCave,0,0,0,1,5
caves,1,19.5,0.5,1.5,0,0.5,1.5,0,onlyCave,0,0,0,1,5
caves,1.5,19.5,0.5,1.5,0,0.5,1.5,0,onlyCave,0,0,0,1,5
caves,2,19.5,0.5,1.5,0,0.5,1.5,0,onlyCave,0,0,0,1,5
caves,2.5,19.5,0.5,1.5,0,0.5,1.5,0,onlyCave,0,0,0,1,5
caves,3,19.5,0.5,1.5,0,0.5,1.5,0,onlyCave,0,0,0,1,5
caves,3.5,19.5,0.5,1.5,0,0.5,1.5,0,onlyCave,0,0,0,1,5
caves,4,19.5,0.5,1.5,0,0.5,1.5,0,onlyCave,0,0,0,1,5
caves,4.5,19.5,0.5,1.5,0,0.5,1.5,0,onlyCave,0,0,0,1,5
caves,5,19.5,0.5,1.5,0,0.5,1.5,0,onlyCave,0,0,0,1,5
caves,5.5,19.5,0.5,1.5,0,0.5,1.5,0,onlyCave,0,0,0,1,5
caves,6,19.5,0.5,1.5,0,0.5,1.5,0,onlyCave,0,0,0,1,5
caves,6.5,19.5,0.5,1.5,0,0.5,1.5,0,onlyCave,0,0,0,1,5
caves,7,19.5,0.5,1.5,0,0.5,1.5,0,onlyCave,0,0,0,1,5
caves,7.5,19.5,0.5,1.5,0,0.5,1.5,0,onlyCave,0,0,0,1,5
caves,8,19.5,0.5,1.5,0,0.5,1.5,0,onlyCave,0,0,0,1,5
caves,8.5,19.5,0.5,1.5,0,0.5,1.5,0,onlyCave,0,0,0,1,5
caves,9,19.5,0.5,1.5,0,0.5,1.5,0,onlyCave,0,0,0,1,5
caves,9.5,19.5,0.5,1.5,0,0.5,1.5,0,onlyCave,0,0,0,1,5
caves,10,19.5,0.5,1.5,0,0.5,1.5,0,onlyCave,0,0,0,1,5
caves,10.5,19.5,0.5,1.5,0,0.5,1.5,0,onlyCave,0,0,0,1,5
caves,11,19.5,0.5,1.5,0,0.5,1.5,0,onlyCave,0,0,0,1,5
caves,11.5,19.5,0.5,1.5,0,0.5,1.5,0,onlyCave,0,0,0,1,5
caves,12,19.5,0.5,1.5,0,0.5,1.5,0,onlyCave,0,0,0,1,5
caves,12.5,19.5,0.5,1.5,0,0.5,1.5,0,onlyCave,0,0,0,1,5
caves,13,19,0.5,1,0,0.5,1.5,0,onlyCave,0,0,0,1,5
caves,0,21,0.5,1.5,0,0.5,1.5,0,onlyCave,0,0,0,1,5
caves,0.5,21,0.5,1.5,0,0.5,1.5,0,onlyCave,0,0,0,1,5
caves,1,21,0.5,1.5,0,0.5,1.5,0,onlyCave,0,0,0,1,5
caves,1.5,21,0.5,1.5,0,0.5,1.5,0,onlyCave,0,0,0,1,5
caves,2,21,0.5,1.5,0,0.5,1.5,0,onlyCave,0,0,0,1,5
caves,2.5,21,0.5,1.5,0,0.5,1.5,0,onlyCave,0,0,0,1,5
caves,3,21,0.5,1.5,0,0.5,1.5,0,onlyCave,0,0,0,1,5
caves,3.5,21,0.5,1.5,0,0.5,1.5,0,onlyCave,0,0,0,1,5
caves,4,21,0.5,1.5,0,0.5,1.5,0,onlyCave,0,0,0,1,5
caves,4.5,21,0.5,1.5,0,0.5,1.5,0,onlyCave,0,0,0,1,5
caves,5,21,0.5,1.5,0,0.5,1.5,0,onlyCave,0,0,0,1,5
caves,5.5,21,0.5,1.5,0,0.5,1.5,0,onlyCave,0,0,0,1,5
caves,6,21,0.5,1.5,0,0.5,1.5,0,onlyCave,0,0,0,1,5
caves,6.5,21,0.5,1.5,0,0.5,1.5,0,onlyCave,0,0,0,1,5
caves,7,21,0.5,1.5,0,0.5,1.5,0,onlyCave,0,0,0,1,5
caves,7.5,21,0.5,1.5,0,0.5,1.5,0,onlyCave,0,0,0,1,5
caves,8,21,0.5,1.5,0,0.5,1.5,0,onlyCave,0,0,0,1,5
caves,8.5,21,0.5,1.5,0,0.5,1.5,0,onlyCave,0,0,0,1,5
caves,9,21,0.5,1.5,0,0.5,1.5,0,onlyCave,0,0,0,1,5
caves,9.5,21,0.5,1.5,0,0.5,1.5,0,onlyCave,0,0,0,1,5
caves,10,21,0.5,1.5,0,0.5,1.5,0,onlyCave,0,0,0,1,5
caves,10.5,21,0.5,1.5,0,0.5,1.5,0,onlyCave,0,0,0,1,5
caves,11,21,0.5,1.5,0,0.5,1.5,0,onlyCave,0,0,0,1,5
caves,11.5,21,0.5,1.5,0,0.5,1.5,0,onlyCave,0,0,0,1,5
caves,12,21,0.5,1.5,0,0.5,1.5,0,onlyCave,0,0,0,1,5
caves,12.5,21,0.5,1.5,0,0.5,1.5,0,onlyCave,0,0,0,1,5
caves,0,22.5,0.5,1.5,0,0.5,1.5,0,onlyCave,0,0,0,1,5
caves,0.5,22.5,0.5,1.5,0,0.5,1.5,0,onlyCave,0,0,0,1,5
caves,1,22.5,0.5,1.5,0,0.5,1.5,0,onlyCave,0,0,0,1,5
caves,1.5,22.5,0.5,1.5,0,0.5,1.5,0,onlyCave,0,0,0,1,5
caves,2,22.5,0.5,1.5,0,0.5,1.5,0,onlyCave,0,0,0,1,5
caves,2.5,22.5,0.5,1.5,0,0.5,1.5,0,onlyCave,0,0,0,1,5
caves,3,22.5,0.5,1.5,0,0.5,1.5,0,onlyCave,0,0,0,1,5
caves,3.5,22.5,0.5,1.5,0,0.5,1.5,0,onlyCave,0,0,0,1,5
caves,4,22.5,0.5,1.5,0,0.5,1.5,0,onlyCave,0,0,0,1,5
caves,4.5,22.5,0.5,1.5,0,0.5,1.5,0,onlyCave,0,0,0,1,5
caves,5,22.5,0.5,1.5,0,0.5,1.5,0,onlyCave,0,0,0,1,5
caves,5.5,22.5,0.5,1.5,0,0.5,1.5,0,onlyCave,0,0,0,1,5
caves,6,22.5,0.5,1.5,0,0.5,1.5,0,onlyCave,0,0,0,1,5
caves,6.5,22.5,0.5,1.5,0,0.5,1.5,0,onlyCave,0,0,0,1,5
caves,7,22.5,0.5,1.5,0,0.5,1.5,0,onlyCave,0,0,0,1,5
caves,7.5,22.5,0.5,1.5,0,0.5,1.5,0,onlyCave,0,0,0,1,5
caves,8,22.5,0.5,1.5,0,0.5,1.5,0,onlyCave,0,0,0,1,5
caves,8.5,22.5,0.5,1.5,0,0.5,1.5,0,onlyCave,0,0,0,1,5
caves,9,22.5,0.5,1.5,0,0.5,1.5,0,onlyCave,0,0,0,1,5
caves,9.5,22.5,0.5,1.5,0,0.5,1.5,0,onlyCave,0,0,0,1,5
caves,10,22.5,0.5,1.5,0,0.5,1.5,0,onlyCave,0,0,0,1,5
caves,10.5,22.5,0.5,1.5,0,0.5,1.5,0,onlyCave,0,0,0,1,5
caves,11,22.5,0.5,1.5,0,0.5,1.5,0,onlyCave,0,0,0,1,5
caves,11.5,22.5,0.5,1,0,0.5,1.5,0,onlyCave,0,0,0,1,5
caves,12,22.5,0.5,0.5,0,0.5,1.5,0,onlyCave,0,0,0,1,5
caves,0,24,0.5,1.5,0,0.5,1.5,0,onlyCave,0,0,0,1,5
caves,0.5,24,0.5,1.5,0,0.5,1.5,0,onlyCave,0,0,0,1,5
caves,1,24,0.5,1.5,0,0.5,1.5,0,onlyCave,0,0,0,1,5
caves,1.5,24,0.5,1.5,0,0.5,1.5,0,onlyCave,0,0,0,1,5
caves,2,24,0.5,1.5,0,0.5,1.5,0,onlyCave,0,0,0,1,5
caves,2.5,24,0.5,1.5,0,0.5,1.5,0,onlyCave,0,0,0,1,5
caves,3,24,0.5,1.5,0,0.5,1.5,0,onlyCave,0,0,0,1,5
caves,3.5,24,0.5,1.5,0,0.5,1.5,0,onlyCave,0,0,0,1,5
caves,4,24,0.5,1.5,0,0.5,1.5,0,onlyCave,0,0,0,1,5
caves,4.5,24,0.5,1.5,0,0.5,1.5,0,onlyCave,0,0,0,1,5
caves,5,24,0.5,1.5,0,0.5,1.5,0,onlyCave,0,0,0,1,5
caves,5.5,24,0.5,1.5,0,0.5,1.5,0,onlyCave,0,0,0,1,5
caves,6,24,0.5,1.5,0,0.5,1.5,0,onlyCave,0,0,0,1,5
caves,6.5,24,0.5,1.5,0,0.5,1.5,0,onlyCave,0,0,0,1,5
caves,7,24,0.5,1.5,0,0.5,1.5,0,onlyCave,0,0,0,1,5
caves,7.5,24,0.5,1.5,0,0.5,1.5,0,onlyCave,0,0,0,1,5
caves,8,24,0.5,1.5,0,0.5,1.5,0,onlyCave,0,0,0,1,5
caves,8.5,24,0.5,1.5,0,0.5,1.5,0,onlyCave,0,0,0,1,5
caves,9,24,0.5,1.5,0,0.5,1.5,0,onlyCave,0,0,0,1,5
caves,9.5,24,0.5,1.5,0,0.5,1.5,0,onlyCave,0,0,0,1,5
caves,10,24,0.5,1.5,0,0.5,1.5,0,onlyCave,0,0,0,1,5
caves,0,25.5,0.5,1.5,0,0.5,1.5,0,onlyCave,0,0,0,1,5
caves,0.5,25.5,0.5,1.5,0,0.5,1.5,0,onlyCave,0,0,0,1,5
caves,1,25.5,0.5,1.5,0,0.5,1.5,0,onlyCave,0,0,0,1,5
caves,1.5,25.5,0.5,1.5,0,0.5,1.5,0,onlyCave,0,0,0,1,5
caves,2,25.5,0.5,1.5,0,0.5,1.5,0,onlyCave,0,0,0,1,5
caves,2.5,25.5,0.5,1.5,0,0.5,1.5,0,onlyCave,0,0,0,1,5
caves,3,25.5,0.5,1.5,0,0.5,1.5,0,onlyCave,0,0,0,1,5
caves,3.5,25.5,0.5,1.5,0,0.5,1.5,0,onlyCave,0,0,0,1,5
caves,4,25.5,0.5,1.5,0,0.5,1.5,0,onlyCave,0,0,0,1,5
caves,4.5,25.5,0.5,1.5,0,0.5,1.5,0,onlyCave,0,0,0,1,5
caves,5,25.5,0.5,1.5,0,0.5,1.5,0,onlyCave,0,0,0,1,5
caves,5.5,25.5,0.5,1.5,0,0.5,1.5,0,onlyCave,0,0,0,1,5
caves,6,25.5,0.5,1.5,0,0.5,1.5,0,onlyCave,0,0,0,1,5
caves,6.5,25.5,0.5,1.5,0,0.5,1.5,0,onlyCave,0,0,0,1,5
caves,7,25.5,0.5,1.5,0,0.5,1.5,0,onlyCave,0,0,0,1,5
caves,7.5,25.5,0.5,1.5,0,0.5,1.5,0,onlyCave,0,0,0,1,5
caves,8,25.5,0.5,1.5,0,0.5,1.5,0,onlyCave,0,0,0,1,5
caves,8.5,25.5,0.5,1.5,0,0.5,1.5,0,onlyCave,0,0,0,1,5
caves,9,25.5,0.5,1.5,0,0.5,1.5,0,onlyCave,0,0,0,1,5
caves,9.5,25.5,0.5,1.5,0,0.5,1.5,0,onlyCave,0,0,0,1,5
caves,0,27,0.5,1.5,0,0.5,1.5,0,onlyCave,0,0,0,1,5
caves,0.5,27,0.5,1.5,0,0.5,1.5,0,onlyCave,0,0,0,1,5
caves,1,27,0.5,1.5,0,0.5,1.5,0,onlyCave,0,0,0,1,5
caves,1.5,27,0.5,1.5,0,0.5,1.5,0,onlyCave,0,0,0,1,5
caves,2,27,0.5,1.5,0,0.5,1.5,0,onlyCave,0,0,0,1,5
caves,2.5,27,0.5,1.5,0,0.5,1.5,0,onlyCave,0,0,0,1,5
caves,3,27,0.5,1.5,0,0.5,1.5,0,onlyCave,0,0,0,1,5
caves,3.5,27,0.5,1.5,0,0.5,1.5,0,onlyCave,0,0,0,1,5
caves,4,27,0.5,1.5,0,0.5,1.5,0,onlyCave,0,0,0,1,5
caves,4.5,27,0.5,1.5,0,0.5,1.5,0,onlyCave,0,0,0,1,5
caves,5,27,0.5,1.5,0,0.5,1.5,0,onlyCave,0,0,0,1,5
caves,5.5,27,0.5,1.5,0,0.5,1.5,0,onlyCave,0,0,0,1,5
caves,6,27,0.5,1.5,0,0.5,1.5,0,onlyCave,0,0,0,1,5
caves,6.5,27,0.5,1.5,0,0.5,1.5,0,onlyCave,0,0,0,1,5
caves,7,27,0.5,1.5,0,0.5,1.5,0,onlyCave,0,0,0,1,5
caves,7.5,27,0.5,1.5,0,0.5,1.5,0,onlyCave,0,0,0,1,5
caves,8,27,0.5,1.5,0,0.5,1.5,0,onlyCave,0,0,0,1,5
caves,8.5,27,0.5,1.5,0,0.5,1.5,0,onlyCave,0,0,0,1,5
caves,0,28.5,0.5,1.5,0,0.5,1.5,0,onlyCave,0,0,0,1,5
caves,0.5,28.5,0.5,1.5,0,0.5,1.5,0,onlyCave,0,0,0,1,5
caves,1,28.5,0.5,1.5,0,0.5,1.5,0,onlyCave,0,0,0,1,5
caves,1.5,28.5,0.5,1.5,0,0.5,1.5,0,onlyCave,0,0,0,1,5
caves,2,28.5,0.5,1.5,0,0.5,1.5,0,onlyCave,0,0,0,1,5
caves,2.5,28.5,0.5,1.5,0,0.5,1.5,0,onlyCave,0,0,0,1,5
caves,3,28.5,0.5,1.5,0,0.5,1.5,0,onlyCave,0,0,0,1,5
caves,3.5,28.5,0.5,1.5,0,0.5,1.5,0,onlyCave,0,0,0,1,5
caves,4,28.5,0.5,1.5,0,0.5,1.5,0,onlyCave,0,0,0,1,5
caves,4.5,28.5,0.5,1.5,0,0.5,1.5,0,onlyCave,0,0,0,1,5
caves,5,28.5,0.5,1.5,0,0.5,1.5,0,onlyCave,0,0,0,1,5
caves,5.5,28.5,0.5,1.5,0,0.5,1.5,0,onlyCave,0,0,0,1,5
caves,6,28.5,0.5,1.5,0,0.5,1.5,0,onlyCave,0,0,0,1,5
caves,6.5,28.5,0.5,1.5,0,0.5,1.5,0,onlyCave,0,0,0,1,5
caves,7,28.5,0.5,1.5,0,0.5,1.5,0,onlyCave,0,0,0,1,5
caves,7.5,28.5,0.5,1.5,0,0.5,1.5,0,onlyCave,0,0,0,1,5
caves,8,28.5,0.5,1.5,0,0.5,1.5,0,onlyCave,0,0,0,1,5
caves,0,30,0.5,1.5,0,0.5,1.5,0,onlyCave,0,0,0,1,5
caves,0.5,30,0.5,1.5,0,0.5,1.5,0,onlyCave,0,0,0,1,5
caves,1,30,0.5,1.5,0,0.5,1.5,0,onlyCave,0,0,0,1,5
caves,1.5,30,0.5,1.5,0,0.5,1.5,0,onlyCave,0,0,0,1,5
caves,2,30,0.5,1.5,0,0.5,1.5,0,onlyCave,0,0,0,1,5
caves,2.5,30,0.5,1.5,0,0.5,1.5,0,onlyCave,0,0,0,1,5
caves,3,30,0.5,1.5,0,0.5,1.5,0,onlyCave,0,0,0,1,5
caves,3.5,30,0.5,1.5,0,0.5,1.5,0,onlyCave,0,0,0,1,5
caves,4,30,0.5,1.5,0,0.5,1.5,0,onlyCave,0,0,0,1,5
caves,4.5,30,0.5,1.5,0,0.5,1.5,0,onlyCave,0,0,0,1,5
caves,5,30,0.5,1.5,0,0.5,1.5,0,onlyCave,0,0,0,1,5
caves,5.5,30,0.5,1.5,0,0.5,1.5,0,onlyCave,0,0,0,1,5
caves,6,30,0.5,1.5,0,0.5,1.5,0,onlyCave,0,0,0,1,5
caves,6.5,30,0.5,1,0,0.5,1.5,0,onlyCave,0,0,0,1,5
caves,7,30,0.5,1,0,0.5,1.5,0,onlyCave,0,0,0,1,5
caves,0,31.5,0.5,1.5,0,0.5,1.5,0,onlyCave,0,0,0,1,5
caves,0.5,31.5,0.5,1.5,0,0.5,1.5,0,onlyCave,0,0,0,1,5
caves,1,31.5,0.5,1.5,0,0.5,1.5,0,onlyCave,0,0,0,1,5
caves,1.5,31.5,0.5,1.5,0,0.5,1.5,0,onlyCave,0,0,0,1,5
caves,2,31.5,0.5,1.5,0,0.5,1.5,0,onlyCave,0,0,0,1,5
caves,2.5,31.5,0.5,1.5,0,0.5,1.5,0,onlyCave,0,0,0,1,5
caves,3,31.5,0.5,1.5,0,0.5,1.5,0,onlyCave,0,0,0,1,5
caves,3.5,31.5,0.5,1.5,0,0.5,1.5,0,onlyCave,0,0,0,1,5
caves,4,31.5,0.5,1.5,0,0.5,1.5,0,onlyCave,0,0,0,1,5
caves,4.5,31.5,0.5,1.5,0,0.5,1.5,0,onlyCave,0,0,0,1,5
caves,5,31.5,0.5,1.5,0,0.5,1.5,0,onlyCave,0,0,0,1,5
caves,5.5,31.5,0.5,1.5,0,0.5,1.5,0,onlyCave,0,0,0,1,5
caves,0,33,0.5,1.5,0,0.5,1.5,0,onlyCave,0,0,0,1,5
caves,0.5,33,0.5,1.5,0,0.5,1.5,0,onlyCave,0,0,0,1,5
caves,1,33,0.5,1.5,0,0.5,1.5,0,onlyCave,0,0,0,1,5
caves,1.5,33,0.5,1.5,0,0.5,1.5,0,onlyCave,0,0,0,1,5
caves,2,33,0.5,1.5,0,0.5,1.5,0,onlyCave,0,0,0,1,5
caves,2.5,33,0.5,1.5,0,0.5,1.5,0,onlyCave,0,0,0,1,5
caves,3,33,0.5,1.5,0,0.5,1.5,0,onlyCave,0,0,0,1,5
caves,3.5,33,0.5,1.5,0,0.5,1.5,0,onlyCave,0,0,0,1,5
caves,4,33,0.5,1.5,0,0.5,1.5,0,onlyCave,0,0,0,1,5
caves,4.5,33,0.5,1.5,0,0.5,1.5,0,onlyCave,0,0,0,1,5
caves,5,33,0.5,0.5,0,0.5,1.5,0,onlyCave,0,0,0,1,5
caves,0,34.5,0.5,1.5,0,0.5,1.5,0,onlyCave,0,0,0,1,5
caves,0.5,34.5,0.5,1.5,0,0.5,1.5,0,onlyCave,0,0,0,1,5
caves,1,34.5,0.5,1.5,0,0.5,1.5,0,onlyCave,0,0,0,1,5
caves,1.5,34.5,0.5,1.5,0,0.5,1.5,0,onlyCave,0,0,0,1,5
caves,2,34.5,0.5,1.5,0,0.5,1.5,0,onlyCave,0,0,0,1,5
caves,2.5,34.5,0.5,1.5,0,0.5,1.5,0,onlyCave,0,0,0,1,5
caves,3,34.5,0.5,1.5,0,0.5,1.5,0,onlyCave,0,0,0,1,5
caves,3.5,34.5,0.5,1.5,0,0.5,1.5,0,onlyCave,0,0,0,1,5
caves,4,34.5,0.5,1.5,0,0.5,1.5,0,onlyCave,0,0,0,1,5
caves,4.5,34.5,0.5,0.5,0,0.5,1.5,0,onlyCave,0,0,0,1,5
